arrival_rate,service_rate,num_servers,traffic_intensity,avg_wait_time,avg_queue_length,throughput,utilization
1.8109,4.8029,3,0.1257,0.0009,0.0011,1.832,0.1257
1.0482,1.1749,1,0.8922,4.8699,4.9846,1.034,0.8922
2.1672,2.9902,4,0.1812,0.0002,0.0,2.216,0.1812
2.4163,4.7751,2,0.253,0.0159,0.0375,2.454,0.253
2.7071,2.7984,1,0.9674,4.5452,12.2104,2.656,0.9674
1.0821,3.8215,2,0.1416,0.0054,0.0075,1.068,0.1416
2.5568,2.2718,5,0.2251,0.0012,0.0008,2.504,0.2251
3.6313,1.0465,4,0.8675,1.8862,6.7798,3.606,0.8675
1.7992,1.0902,2,0.8252,1.3259,2.2562,1.698,0.8252
1.3411,3.5522,5,0.0755,0.0,0.0,1.356,0.0755
3.745,4.4158,2,0.424,0.0593,0.2235,3.606,0.424
1.3411,3.4552,5,0.0776,0.0006,0.0014,1.414,0.0776
2.5638,2.5605,4,0.2503,0.0024,0.004,2.524,0.2503
2.0575,3.1331,5,0.1313,0.0,0.0,2.202,0.1313
0.8456,3.7102,2,0.114,0.004,0.007,0.852,0.114
2.0886,3.2606,4,0.1601,0.0001,0.0,2.148,0.1601
0.6307,1.8634,1,0.3385,0.3737,0.2453,0.634,0.3385
2.9656,1.2693,2,1.1682,36.5245,110.1829,2.552,0.9999
3.073,1.7325,3,0.5912,0.1566,0.4711,3.152,0.5912
0.6445,3.4451,2,0.0935,0.0026,0.0,0.584,0.0935
3.143,1.067,1,2.9456,161.984,489.5564,1.058,0.9999
0.8994,3.5888,2,0.1253,0.0019,0.0,0.848,0.1253
2.3106,3.9508,2,0.2924,0.0198,0.0379,2.324,0.2924
2.9133,3.9975,5,0.1458,0.0,0.0,2.94,0.1458
2.9108,2.8932,3,0.3354,0.015,0.0472,2.92,0.3354
1.3864,1.0555,3,0.4378,0.1072,0.1439,1.358,0.4378
3.3998,2.9503,4,0.2881,0.004,0.009,3.346,0.2881
1.5127,2.9656,1,0.5101,0.2641,0.3301,1.454,0.5101
0.6147,3.5377,5,0.0348,0.0,0.0,0.628,0.0348
2.8052,2.9118,4,0.2408,0.0012,0.0,2.79,0.2408
2.4844,4.5186,5,0.11,0.0,0.0,2.434,0.11
0.789,3.4465,2,0.1145,0.0005,0.0,0.772,0.1145
3.56,4.7968,1,0.7422,0.8482,3.0699,3.574,0.7422
1.8761,2.8621,2,0.3277,0.0296,0.0514,1.752,0.3277
2.9265,2.4406,1,1.1991,38.0611,112.1089,2.46,0.9999
1.7606,1.676,2,0.5252,0.3515,0.723,1.776,0.5252
3.0503,3.2672,4,0.2334,0.0014,0.0019,3.102,0.2334
3.2412,3.6612,3,0.2951,0.0111,0.0407,3.24,0.2951
1.0315,4.3677,4,0.059,0.0,0.0,1.014,0.059
2.7795,1.4805,4,0.4694,0.0461,0.1119,2.788,0.4694
0.6202,4.4113,5,0.0281,0.0,0.0,0.576,0.0281
3.5818,1.4307,3,0.8345,1.815,6.6785,3.594,0.8345
0.609,3.6724,1,0.1658,0.0672,0.0316,0.632,0.1658
3.0429,3.6264,1,0.8391,1.1229,3.2537,2.998,0.8391
2.8722,4.7937,1,0.5992,0.2596,0.8356,2.954,0.5992
3.2729,1.0893,4,0.7511,0.7633,2.7745,3.258,0.7511
2.2956,1.475,4,0.3891,0.0306,0.068,2.348,0.3891
1.7998,2.4035,3,0.2496,0.0049,0.0046,1.728,0.2496
0.6886,1.6118,3,0.1424,0.0,0.0,0.722,0.1424
1.8521,2.5249,3,0.2445,0.0105,0.0231,1.816,0.2445
2.6258,3.9942,1,0.6574,0.4413,1.1485,2.68,0.6574
2.6592,1.059,4,0.6278,0.143,0.3748,2.636,0.6278
2.6041,3.6732,1,0.7089,0.5805,1.4705,2.576,0.7089
3.0448,2.5276,4,0.3012,0.008,0.0195,3.078,0.3012
3.4251,1.2063,3,0.9464,2.3123,7.3829,3.364,0.9464
2.5323,1.8776,5,0.2697,0.0003,0.0,2.456,0.2697
1.3351,4.4473,5,0.06,0.0,0.0,1.336,0.06
1.4033,4.0489,1,0.3466,0.1149,0.1624,1.404,0.3466
3.9575,2.1165,3,0.6233,0.1251,0.4675,3.786,0.6233
2.9781,2.9402,1,1.0129,8.3281,24.0531,2.868,0.9999
1.5928,1.2827,5,0.2484,0.0005,0.0,1.674,0.2484
2.012,3.4649,3,0.1936,0.0023,0.004,1.992,0.1936
2.1486,2.4416,4,0.22,0.0016,0.0028,2.18,0.22
3.1822,1.5582,5,0.4084,0.0207,0.0722,3.266,0.4084
2.062,2.8168,5,0.1464,0.0,0.0,2.004,0.1464
3.8697,2.7156,1,1.425,73.385,287.7072,2.756,0.9999
2.9809,2.753,1,1.0828,26.2231,78.0962,2.69,0.9999
3.9374,3.7998,3,0.3454,0.0092,0.0343,3.968,0.3454
0.9672,3.508,4,0.0689,0.0,0.0,0.988,0.0689
3.8935,4.27,2,0.4559,0.0663,0.2462,3.862,0.4559
2.6918,3.3947,5,0.1586,0.0002,0.0023,2.63,0.1586
1.9766,3.4024,4,0.1452,0.0,0.0,1.976,0.1452
3.4763,4.7846,3,0.2422,0.0035,0.0141,3.406,0.2422
1.8846,4.8452,5,0.0778,0.0,0.0,1.894,0.0778
0.6823,1.4556,4,0.1172,0.0,0.0,0.7,0.1172
1.0516,3.0681,4,0.0857,0.0,0.0,1.092,0.0857
1.5017,4.1552,5,0.0723,0.0,0.0,1.444,0.0723
2.8372,1.4274,2,0.9938,8.0514,22.3396,2.834,0.9938
1.1513,3.3188,4,0.0867,0.0,0.0,1.074,0.0867
1.7753,2.1029,5,0.1688,0.0,0.0,1.72,0.1688
2.914,3.9638,5,0.147,0.0006,0.002,2.97,0.147
0.7721,1.6976,1,0.4548,0.5453,0.3794,0.796,0.4548
1.3226,1.5243,1,0.8677,3.7816,4.8204,1.322,0.8677
1.5173,4.0299,1,0.3765,0.1389,0.168,1.452,0.3765
1.284,3.449,1,0.3723,0.1596,0.1896,1.266,0.3723
1.4407,3.0582,5,0.0942,0.0,0.0,1.482,0.0942
3.2426,3.9769,3,0.2718,0.0053,0.0218,3.126,0.2718
2.982,3.9396,5,0.1514,0.0001,0.0013,3.034,0.1514
2.1371,2.7544,1,0.7759,1.2993,2.7556,2.136,0.7759
1.6128,1.121,3,0.4796,0.1078,0.1492,1.542,0.4796
3.6222,3.4308,1,1.0558,21.2321,77.3801,3.368,0.9999
3.7058,1.8886,1,1.9622,133.6643,481.7098,1.884,0.9999
3.2206,4.4943,1,0.7166,0.5348,1.7193,3.276,0.7166
3.6066,2.6255,2,0.6868,0.4837,1.7865,3.626,0.6868
0.5655,2.0978,5,0.0539,0.0,0.0,0.56,0.0539
0.9062,4.3069,2,0.1052,0.0033,0.0021,0.952,0.1052
1.9642,1.9825,3,0.3303,0.0224,0.0559,2.0,0.3303
2.1766,4.0916,2,0.266,0.0222,0.0498,2.168,0.266
1.415,2.3092,2,0.3064,0.0493,0.0903,1.462,0.3064
1.1727,1.0493,3,0.3725,0.0233,0.0145,1.102,0.3725
3.1241,1.951,2,0.8006,1.2673,3.9684,3.098,0.8006
2.0838,3.2894,2,0.3167,0.0363,0.0891,2.066,0.3167
2.8247,3.0591,4,0.2308,0.0014,0.0035,2.836,0.2308
1.6406,4.956,5,0.0662,0.0,0.0,1.66,0.0662
2.6944,1.3561,3,0.6623,0.4418,1.2517,2.632,0.6623
0.5041,4.0884,1,0.1233,0.0214,0.0,0.44,0.1233
0.7075,4.9781,2,0.0711,0.0003,0.0,0.656,0.0711
3.5051,2.5648,3,0.4555,0.0497,0.1618,3.508,0.4555
1.8005,4.4348,5,0.0812,0.0,0.0,1.8,0.0812
2.6348,1.9755,2,0.6669,0.4238,1.179,2.582,0.6669
2.8396,1.4216,5,0.3995,0.0156,0.0562,2.772,0.3995
3.6129,3.1302,4,0.2886,0.0045,0.0199,3.616,0.2886
1.8427,2.6612,2,0.3462,0.0582,0.1124,1.762,0.3462
0.6547,2.1074,5,0.0621,0.0,0.0,0.688,0.0621
1.8764,3.2744,4,0.1433,0.0,0.0,1.774,0.1433
3.4536,2.9746,2,0.5805,0.1736,0.576,3.382,0.5805
0.9064,1.9166,5,0.0946,0.0,0.0,0.804,0.0946
2.1119,2.797,4,0.1888,0.0011,0.001,2.086,0.1888
1.3259,2.6752,2,0.2478,0.0248,0.0245,1.386,0.2478
0.9608,4.5367,4,0.0529,0.0,0.0,1.002,0.0529
1.549,4.1111,3,0.1256,0.0004,0.0,1.488,0.1256
3.9863,3.5923,3,0.3699,0.0165,0.0677,4.018,0.3699
2.9702,3.7464,5,0.1586,0.0003,0.0027,3.014,0.1586
3.4069,1.1259,4,0.7565,0.3606,1.1709,3.46,0.7565
0.5061,2.347,1,0.2156,0.0914,0.0342,0.468,0.2156
0.5874,4.3919,1,0.1337,0.0469,0.0149,0.538,0.1337
0.781,4.0174,4,0.0486,0.0,0.0,0.798,0.0486
3.0071,3.4333,4,0.219,0.0019,0.0052,3.066,0.219
1.3825,3.1733,5,0.0871,0.0,0.0,1.388,0.0871
3.0048,2.1434,3,0.4673,0.0856,0.2977,2.936,0.4673
1.837,4.1491,5,0.0885,0.0,0.0,1.89,0.0885
3.5284,2.1125,4,0.4176,0.0145,0.0435,3.492,0.4176
1.5807,2.1658,5,0.146,0.0001,0.0,1.666,0.146
3.8652,3.1499,1,1.2271,45.0293,177.5327,3.014,0.9999
2.2802,4.2628,4,0.1337,0.0003,0.0,2.27,0.1337
1.318,3.1366,2,0.2101,0.0181,0.0271,1.396,0.2101
3.4553,4.9086,3,0.2346,0.0027,0.007,3.448,0.2346
1.4076,3.5715,5,0.0788,0.0,0.0,1.424,0.0788
2.0665,1.819,5,0.2272,0.0004,0.0,2.138,0.2272
1.3864,4.5721,5,0.0606,0.0,0.0,1.408,0.0606
2.7804,1.3599,4,0.5111,0.0696,0.2184,2.862,0.5111
3.8453,4.4419,5,0.1731,0.0008,0.0058,3.814,0.1731
3.5932,4.8931,1,0.7343,0.4403,1.4819,3.478,0.7343
2.204,1.8795,2,0.5863,0.2766,0.6178,2.13,0.5863
2.4195,1.3456,1,1.7981,112.4321,277.492,1.4,0.9999
2.7233,3.7009,1,0.7358,1.0918,3.2419,2.702,0.7358
2.3286,1.5484,3,0.5013,0.0767,0.1632,2.242,0.5013
3.4063,2.1275,4,0.4003,0.0187,0.056,3.356,0.4003
3.8781,2.4609,5,0.3152,0.0023,0.0092,3.896,0.3152
0.5533,1.1414,4,0.1212,0.0,0.0,0.582,0.1212
0.6815,3.4198,2,0.0996,0.0007,0.0,0.612,0.0996
0.9145,1.6197,4,0.1412,0.0,0.0,0.962,0.1412
3.6867,1.8113,1,2.0354,121.5154,429.1939,1.834,0.9999
2.9501,3.1103,4,0.2371,0.0013,0.0013,3.008,0.2371
1.0002,1.2801,4,0.1953,0.0025,0.0064,0.942,0.1953
2.9736,1.9767,3,0.5014,0.0722,0.2176,3.084,0.5014
2.175,4.7028,3,0.1542,0.0002,0.0,2.178,0.1542
1.9232,2.6813,5,0.1435,0.0,0.0,1.972,0.1435
0.7131,1.5986,5,0.0892,0.0,0.0,0.738,0.0892
2.8918,3.6888,4,0.196,0.0008,0.0021,2.874,0.196
3.917,1.0196,4,0.9604,2.2682,8.8325,3.902,0.9604
1.5186,3.8788,2,0.1958,0.0056,0.0079,1.528,0.1958
0.5694,2.2264,5,0.0511,0.0,0.0,0.552,0.0511
2.7127,2.047,5,0.265,0.0006,0.0022,2.77,0.265
2.0665,2.8167,3,0.2446,0.0065,0.0121,1.98,0.2446
1.4081,2.9685,1,0.4743,0.3125,0.4238,1.444,0.4743
1.7962,3.1343,2,0.2865,0.0209,0.0326,1.838,0.2865
3.89,4.8037,1,0.8098,1.5149,5.9264,3.912,0.8098
1.4652,2.6156,3,0.1867,0.0016,0.0014,1.422,0.1867
0.8643,1.7763,2,0.2433,0.0365,0.0275,0.874,0.2433
3.6107,1.1436,5,0.6315,0.0945,0.3125,3.526,0.6315
1.0544,4.9081,4,0.0537,0.0,0.0,1.016,0.0537
1.4777,4.5351,5,0.0652,0.0,0.0,1.498,0.0652
3.57,2.7245,1,1.3103,65.2915,219.6572,2.714,0.9999
3.1325,4.1948,5,0.1494,0.0,0.0,3.178,0.1494
2.5397,1.8489,5,0.2747,0.0007,0.0024,2.522,0.2747
3.8734,1.2151,3,1.0626,7.9926,30.9627,3.562,0.9999
3.9241,4.5327,1,0.8657,1.3451,5.4536,3.954,0.8657
3.2531,2.3291,3,0.4656,0.0501,0.1638,3.138,0.4656
3.8372,3.0986,2,0.6192,0.2188,0.8128,3.942,0.6192
3.1205,3.5292,1,0.8842,2.6378,8.2906,3.106,0.8842
3.1082,1.789,2,0.8687,1.4776,4.5575,2.99,0.8687
2.2007,3.3521,5,0.1313,0.0002,0.0009,2.162,0.1313
2.2889,2.5809,1,0.8869,2.6693,6.1173,2.282,0.8869
2.0586,3.4561,1,0.5956,0.5958,1.1518,2.04,0.5956
0.9816,4.369,1,0.2247,0.0745,0.0765,0.994,0.2247
1.2025,4.7327,2,0.127,0.0049,0.007,1.148,0.127
1.5125,4.9584,1,0.305,0.1061,0.1529,1.478,0.305
3.6132,2.2713,1,1.5908,83.201,296.7163,2.218,0.9999
2.8466,4.1033,3,0.2312,0.0038,0.0048,2.922,0.2312
1.7626,1.3962,1,1.2624,75.4431,134.9556,1.352,0.9999
2.9696,1.1163,2,1.3301,57.8715,178.9542,2.268,0.9999
2.1557,3.9766,4,0.1355,0.0,0.0,2.134,0.1355
3.8866,1.1567,3,1.12,27.339,103.6764,3.428,0.9999
1.1162,2.8669,1,0.3893,0.2269,0.2226,1.078,0.3893
3.2294,2.7256,5,0.237,0.001,0.0044,3.192,0.237
1.2337,2.4331,4,0.1268,0.0,0.0,1.196,0.1268
1.5426,2.8226,5,0.1093,0.0,0.0,1.546,0.1093
2.616,3.3898,3,0.2572,0.0065,0.0197,2.532,0.2572
0.7781,4.2213,3,0.0614,0.0,0.0,0.8,0.0614
0.9818,4.5584,4,0.0538,0.0,0.0,0.96,0.0538
0.9187,2.4721,5,0.0743,0.0,0.0,0.95,0.0743
2.8362,4.5385,1,0.6249,0.3348,0.9057,2.816,0.6249
1.1271,2.5615,1,0.44,0.3095,0.3116,1.104,0.44
1.5316,3.012,1,0.5085,0.4695,0.7998,1.636,0.5085
2.5361,2.2675,3,0.3728,0.029,0.0726,2.618,0.3728
1.4682,4.6725,1,0.3142,0.0947,0.1199,1.468,0.3142
3.3919,4.5386,4,0.1868,0.0005,0.0006,3.522,0.1868
3.5921,2.9505,5,0.2435,0.0011,0.0055,3.664,0.2435
0.6101,1.5931,3,0.1277,0.0017,0.0,0.612,0.1277
3.8398,2.7912,4,0.3439,0.0085,0.0373,3.86,0.3439
1.1476,4.3208,2,0.1328,0.0035,0.0,1.142,0.1328
2.1647,2.6355,3,0.2738,0.0199,0.0626,2.3,0.2738
2.5127,1.2261,2,1.0247,9.2948,21.7998,2.372,0.9999
2.5453,2.246,2,0.5666,0.1977,0.5162,2.526,0.5666
3.2963,4.2942,1,0.7676,0.5394,1.7272,3.358,0.7676
2.3025,4.1458,3,0.1851,0.0015,0.0052,2.32,0.1851
0.8418,2.7377,5,0.0615,0.0,0.0,0.862,0.0615
2.1119,1.8143,5,0.2328,0.0003,0.0,2.044,0.2328
3.5413,3.1124,4,0.2845,0.0019,0.0046,3.484,0.2845
2.5338,1.9347,2,0.6548,0.2809,0.6917,2.504,0.6548
2.2464,3.8892,4,0.1444,0.0,0.0,2.226,0.1444
2.6729,1.852,1,1.4433,60.8486,164.7534,1.874,0.9999
3.0553,3.4605,1,0.8829,1.9327,5.7077,3.106,0.8829
3.3619,3.9508,5,0.1702,0.0,0.0,3.28,0.1702
2.0296,3.3187,4,0.1529,0.0001,0.0,2.02,0.1529
3.8982,3.5386,1,1.1016,21.8588,93.2698,3.638,0.9999
2.3317,1.9223,2,0.6065,0.2186,0.529,2.238,0.6065
2.1995,4.1345,4,0.133,0.0,0.0,2.194,0.133
1.1431,1.813,3,0.2102,0.0027,0.0036,1.102,0.2102
1.4565,3.2224,3,0.1507,0.0028,0.0041,1.46,0.1507
1.5164,4.8276,2,0.1571,0.003,0.0053,1.514,0.1571
1.141,3.2967,5,0.0692,0.0,0.0,1.118,0.0692
3.4792,3.3658,1,1.0337,26.9771,89.7031,3.158,0.9999
1.57,2.8793,4,0.1363,0.0002,0.0,1.598,0.1363
1.3903,3.3954,2,0.2047,0.0151,0.0233,1.376,0.2047
3.4563,1.3571,4,0.6367,0.1727,0.6031,3.51,0.6367
3.5581,3.8438,5,0.1851,0.0,0.0,3.618,0.1851
0.6164,3.4377,1,0.1793,0.0485,0.0182,0.66,0.1793
3.4611,1.2788,3,0.9022,1.1461,3.7004,3.434,0.9022
3.0011,2.9649,1,1.0122,19.9696,57.4561,2.728,0.9999
1.6442,2.2905,5,0.1436,0.0,0.0,1.538,0.1436
1.048,2.6477,4,0.099,0.0,0.0,1.044,0.099
3.7335,1.8595,1,2.0078,130.1765,464.1262,1.824,0.9999
1.8228,4.3146,1,0.4225,0.1677,0.2486,1.802,0.4225
3.1225,2.9159,1,1.0709,6.2821,18.9836,2.94,0.9999
3.9669,4.828,5,0.1643,0.0,0.0,3.986,0.1643
1.3342,4.9162,1,0.2714,0.0835,0.1147,1.378,0.2714
1.7507,2.1811,4,0.2007,0.0019,0.0033,1.806,0.2007
3.8407,4.3298,4,0.2218,0.0015,0.0062,3.896,0.2218
3.3032,2.2118,2,0.7467,0.5213,1.7791,3.33,0.7467
3.6089,2.4114,1,1.4966,76.1862,278.6042,2.38,0.9999
3.2806,4.0331,2,0.4067,0.0376,0.1214,3.162,0.4067
1.5616,3.2892,2,0.2374,0.0223,0.0441,1.452,0.2374
1.0838,1.0458,2,0.5182,0.7802,0.8881,1.108,0.5182
3.1331,4.555,2,0.3439,0.0305,0.1011,3.226,0.3439
2.0024,4.8529,2,0.2063,0.0143,0.0351,2.166,0.2063
2.9575,3.1986,1,0.9246,1.9937,5.7246,2.888,0.9246
3.6167,1.1982,1,3.0184,171.7707,593.6992,1.178,0.9999
1.4321,1.8576,5,0.1542,0.0045,0.0082,1.47,0.1542
1.4191,3.707,3,0.1276,0.0008,0.0,1.54,0.1276
2.628,4.1335,3,0.2119,0.0039,0.0089,2.696,0.2119
2.2593,1.1986,2,0.9425,4.7558,11.1007,2.302,0.9425
2.1634,4.1447,2,0.261,0.0152,0.0324,2.162,0.261
0.6741,1.6421,1,0.4105,0.3767,0.1636,0.648,0.4105
2.5544,1.5912,5,0.3211,0.003,0.0111,2.528,0.3211
0.7814,1.5974,4,0.1223,0.0,0.0,0.768,0.1223
1.8783,4.0878,2,0.2297,0.016,0.0281,1.99,0.2297
3.7478,4.5105,5,0.1662,0.0,0.0,3.82,0.1662
3.1025,2.1307,3,0.4854,0.0501,0.1513,2.988,0.4854
2.0629,2.9699,4,0.1737,0.0001,0.0,2.066,0.1737
0.5943,1.1004,2,0.27,0.0575,0.0476,0.588,0.27
2.158,4.2714,5,0.101,0.0,0.0,2.18,0.101
2.7224,1.0159,2,1.3399,59.555,154.7025,2.064,0.9999
1.6259,4.1715,3,0.1299,0.0003,0.0,1.612,0.1299
3.7313,4.8349,3,0.2572,0.0066,0.0293,3.746,0.2572
1.9455,4.6117,5,0.0844,0.0,0.0,1.802,0.0844
1.922,4.2664,5,0.0901,0.0,0.0,1.93,0.0901
3.9785,2.4494,3,0.5414,0.0543,0.2244,3.948,0.5414
2.5209,2.8345,5,0.1779,0.0004,0.0008,2.496,0.1779
1.4135,1.0673,4,0.3311,0.009,0.0081,1.482,0.3311
3.5068,2.742,3,0.4263,0.0325,0.1138,3.408,0.4263
2.8074,2.511,3,0.3727,0.0392,0.1217,2.794,0.3727
1.2956,4.6083,2,0.1406,0.0072,0.0198,1.31,0.1406
2.141,3.1649,1,0.6765,0.5741,1.3333,2.066,0.6765
1.7504,1.8851,1,0.9285,2.8254,4.4905,1.68,0.9285
2.6103,1.1289,5,0.4625,0.0363,0.0913,2.602,0.4625
3.4211,3.4623,2,0.4941,0.0928,0.288,3.348,0.4941
3.9533,3.9213,1,1.0082,18.665,70.3335,3.662,0.9999
0.6284,1.6438,1,0.3823,0.334,0.1493,0.67,0.3823
1.2568,4.992,3,0.0839,0.0003,0.0,1.31,0.0839
2.665,4.9353,2,0.27,0.0168,0.0492,2.726,0.27
3.8457,4.2222,2,0.4554,0.0644,0.2473,4.012,0.4554
0.9664,1.4977,5,0.1291,0.0,0.0,0.948,0.1291
2.9126,3.9521,1,0.737,0.8195,2.5416,2.954,0.737
3.4689,2.595,4,0.3342,0.0079,0.0205,3.418,0.3342
1.3141,4.7702,1,0.2755,0.0767,0.1018,1.356,0.2755
0.9545,2.4542,2,0.1945,0.0108,0.0083,0.958,0.1945
1.6682,4.1147,5,0.0811,0.0,0.0,1.634,0.0811
1.2144,2.0307,1,0.598,0.7738,0.9168,1.224,0.598
0.9864,1.1426,1,0.8633,3.3552,3.377,0.976,0.8633
1.8329,1.5618,3,0.3912,0.0559,0.1216,1.974,0.3912
3.999,3.9538,1,1.0114,20.9786,88.4297,3.718,0.9999
1.4366,4.519,4,0.0795,0.0,0.0,1.472,0.0795
2.2492,4.6343,4,0.1213,0.0,0.0,2.168,0.1213
0.7413,2.9286,3,0.0844,0.0,0.0,0.648,0.0844
3.4313,1.5811,2,1.0851,5.2656,19.4646,3.104,0.9999
2.8135,2.7691,3,0.3387,0.0094,0.0186,2.906,0.3387
3.8658,4.1637,1,0.9285,1.7188,6.0551,3.666,0.9285
1.7405,1.7009,5,0.2047,0.001,0.0011,1.844,0.2047
0.8535,1.5361,3,0.1852,0.0171,0.0227,0.794,0.1852
2.0865,4.902,5,0.0851,0.0,0.0,2.022,0.0851
1.266,1.7271,1,0.733,1.0667,1.0792,1.212,0.733
2.3413,2.2906,5,0.2044,0.0001,0.0,2.276,0.2044
1.0242,2.2137,3,0.1542,0.0012,0.0,1.0,0.1542
2.9466,1.3088,4,0.5628,0.0566,0.1507,2.74,0.5628
3.1907,2.3032,4,0.3463,0.0164,0.0505,3.362,0.3463
1.3213,1.0151,4,0.3254,0.0218,0.0251,1.356,0.3254
1.9681,1.6866,5,0.2334,0.003,0.0083,1.92,0.2334
1.3763,2.0393,1,0.6749,0.8551,1.0968,1.302,0.6749
2.1136,4.7211,4,0.1119,0.0,0.0,2.054,0.1119
1.1532,2.0089,5,0.1148,0.0,0.0,1.162,0.1148
2.2999,2.3048,3,0.3326,0.0209,0.0491,2.364,0.3326
3.7432,1.344,4,0.6963,0.302,1.1241,3.69,0.6963
2.2447,4.3488,1,0.5162,0.3612,0.8505,2.22,0.5162
2.688,4.2723,1,0.6292,0.3745,0.9963,2.668,0.6292
0.9238,2.342,5,0.0789,0.0,0.0,0.87,0.0789
1.4372,1.8451,2,0.3895,0.1199,0.1895,1.53,0.3895
1.4078,2.3543,5,0.1196,0.0,0.0,1.4,0.1196
2.9605,3.2264,4,0.2294,0.001,0.0021,2.872,0.2294
3.9075,4.7723,4,0.2047,0.0004,0.0016,3.866,0.2047
3.9275,4.839,2,0.4058,0.0427,0.1653,4.014,0.4058
2.4889,2.4911,3,0.333,0.0164,0.0349,2.464,0.333
3.6918,1.6698,3,0.737,0.4454,1.7173,3.762,0.737
3.4048,2.1252,1,1.6021,84.106,295.5003,2.162,0.9999
1.241,4.4134,4,0.0703,0.0,0.0,1.258,0.0703
1.2853,3.8997,5,0.0659,0.0,0.0,1.316,0.0659
1.4608,4.581,1,0.3189,0.1049,0.1523,1.386,0.3189
1.1352,1.7239,3,0.2195,0.0074,0.0055,1.096,0.2195
2.5567,4.1869,4,0.1527,0.0,0.0,2.662,0.1527
1.3433,2.4693,1,0.544,0.562,0.7061,1.358,0.544
3.9264,2.802,5,0.2803,0.0024,0.0082,3.922,0.2803
0.5947,1.9946,1,0.2982,0.2782,0.1719,0.64,0.2982
2.8448,2.1628,1,1.3153,65.6334,178.5513,2.192,0.9999
2.647,3.1327,5,0.169,0.0005,0.0015,2.68,0.169
3.8899,2.565,5,0.3033,0.0004,0.0,3.742,0.3033
3.2734,1.5989,1,2.0473,134.3261,426.9162,1.602,0.9999
3.7082,4.7064,4,0.197,0.0005,0.0011,3.716,0.197
2.0108,4.0566,1,0.4957,0.2094,0.3945,2.026,0.4957
2.0492,2.8711,4,0.1784,0.0009,0.001,2.076,0.1784
1.4851,4.5429,4,0.0817,0.0001,0.0,1.434,0.0817
3.0881,2.4318,4,0.3175,0.0061,0.0186,3.0,0.3175
1.6939,2.4456,1,0.6926,0.7518,1.3043,1.63,0.6926
2.8044,3.4958,4,0.2006,0.0008,0.0007,2.918,0.2006
3.7919,2.7116,2,0.6992,0.2739,1.0615,3.87,0.6992
0.8419,2.3946,3,0.1172,0.0,0.0,0.936,0.1172
1.1614,3.3342,4,0.0871,0.0,0.0,1.216,0.0871
2.4865,1.5879,5,0.3132,0.0015,0.0016,2.53,0.3132
1.1217,4.2624,4,0.0658,0.0,0.0,1.122,0.0658
1.71,3.988,3,0.1429,0.0008,0.0,1.742,0.1429
3.1909,1.7716,3,0.6004,0.134,0.413,3.148,0.6004
1.1112,1.7893,3,0.207,0.0039,0.0018,1.104,0.207
3.8519,1.4489,3,0.8862,1.7072,6.4315,3.772,0.8862
2.4858,4.3549,5,0.1142,0.0,0.0,2.422,0.1142
2.2882,2.8245,3,0.27,0.0073,0.0148,2.292,0.27
0.7333,4.7111,4,0.0389,0.0,0.0,0.722,0.0389
3.9369,2.6183,5,0.3007,0.0019,0.0054,4.054,0.3007
1.7314,1.8332,5,0.1889,0.0011,0.0045,1.788,0.1889
0.9295,3.4691,3,0.0893,0.0003,0.0021,0.932,0.0893
3.6494,4.8082,1,0.759,0.4271,1.4182,3.51,0.759
2.7462,1.2072,5,0.455,0.024,0.0793,2.816,0.455
0.7026,4.5542,4,0.0386,0.0,0.0,0.752,0.0386
3.5096,2.726,4,0.3219,0.0049,0.0164,3.418,0.3219
3.5777,2.7091,1,1.3206,61.4929,207.5469,2.596,0.9999
2.3985,1.5717,2,0.763,0.7033,1.6782,2.372,0.763
2.0988,3.3567,4,0.1563,0.0005,0.0,2.08,0.1563
1.4481,3.1407,5,0.0922,0.0,0.0,1.398,0.0922
1.5538,4.2646,2,0.1822,0.007,0.0092,1.524,0.1822
0.688,1.2745,1,0.5398,0.5179,0.2331,0.652,0.5398
3.9131,4.6186,5,0.1694,0.0001,0.0,3.824,0.1694
2.5807,3.8094,4,0.1694,0.0002,0.0,2.594,0.1694
1.2678,2.9023,5,0.0874,0.0,0.0,1.322,0.0874
1.1593,1.8174,2,0.3189,0.0448,0.0546,1.024,0.3189
1.6847,3.1603,3,0.1777,0.0033,0.0059,1.694,0.1777
3.1634,3.2368,5,0.1955,0.0001,0.0,3.118,0.1955
1.8821,4.8276,5,0.078,0.0,0.0,1.86,0.078
2.8551,3.6982,3,0.2573,0.0095,0.0299,2.744,0.2573
1.2379,3.9362,1,0.3145,0.1,0.1223,1.226,0.3145
2.6522,2.9106,2,0.4556,0.0952,0.2843,2.554,0.4556
3.7305,2.7953,5,0.2669,0.0009,0.0033,3.68,0.2669
1.6408,4.7486,1,0.3455,0.1194,0.1833,1.68,0.3455
0.6042,3.5233,2,0.0857,0.0014,0.0,0.612,0.0857
2.6772,1.0355,2,1.2927,66.3445,177.2498,2.102,0.9999
2.8545,2.8331,5,0.2015,0.0003,0.0014,2.89,0.2015
3.7712,4.3187,5,0.1746,0.0001,0.0005,3.766,0.1746
1.9863,4.2236,4,0.1176,0.0003,0.0,1.994,0.1176
1.8418,1.2337,5,0.2986,0.002,0.0021,1.862,0.2986
1.2912,4.363,5,0.0592,0.0,0.0,1.302,0.0592
3.0799,1.9892,5,0.3097,0.0011,0.0027,2.978,0.3097
3.5735,2.6047,1,1.3719,78.8315,291.7723,2.472,0.9999
0.7675,4.2051,3,0.0608,0.0,0.0,0.762,0.0608
1.9288,1.8356,1,1.0508,7.7621,14.5173,1.826,0.9999
3.2489,4.7119,4,0.1724,0.0002,0.0006,3.224,0.1724
1.0207,1.2318,1,0.8286,3.2178,3.1486,1.05,0.8286
2.8086,2.2285,1,1.2603,40.6329,116.1329,2.286,0.9999
3.1094,2.2251,5,0.2795,0.0011,0.0025,3.176,0.2795
3.1112,4.6261,4,0.1681,0.0002,0.0006,3.082,0.1681
2.6123,1.6687,3,0.5218,0.121,0.3063,2.52,0.5218
2.7104,3.8216,2,0.3546,0.0203,0.038,2.634,0.3546
0.5042,2.5809,2,0.0977,0.0001,0.0,0.51,0.0977
2.2487,4.7813,4,0.1176,0.0,0.0,2.432,0.1176
1.7615,1.0346,3,0.5675,0.1286,0.1964,1.874,0.5675
3.5048,4.2503,1,0.8246,1.6432,5.9867,3.456,0.8246
1.3491,4.8598,1,0.2776,0.0602,0.0752,1.304,0.2776
1.0686,1.4542,4,0.1837,0.0019,0.0,1.064,0.1837
0.7044,1.6925,5,0.0832,0.0001,0.0,0.702,0.0832
2.6868,3.0538,3,0.2933,0.019,0.0636,2.738,0.2933
2.957,3.1565,5,0.1874,0.0,0.0,2.918,0.1874
2.2951,2.6008,4,0.2206,0.002,0.0043,2.342,0.2206
3.1301,3.6285,2,0.4313,0.0488,0.13,3.062,0.4313
3.8098,3.6162,3,0.3512,0.0126,0.0418,3.924,0.3512
2.0059,2.0575,1,0.9749,7.257,14.6242,2.026,0.9749
1.3586,1.2508,4,0.2715,0.0132,0.0154,1.43,0.2715
0.7599,4.0089,5,0.0379,0.0,0.0,0.762,0.0379
2.8867,3.9154,4,0.1843,0.0007,0.003,2.652,0.1843
0.7343,2.1597,2,0.17,0.0061,0.0027,0.73,0.17
3.688,4.5722,5,0.1613,0.0,0.0,3.738,0.1613
2.2008,2.5847,2,0.4257,0.0774,0.1718,2.188,0.4257
0.9303,4.6083,5,0.0404,0.0,0.0,0.986,0.0404
2.8452,3.7104,4,0.1917,0.0016,0.0042,2.876,0.1917
3.6218,1.5434,1,2.3466,141.6941,499.401,1.608,0.9999
1.1426,3.3622,4,0.085,0.0,0.0,1.154,0.085
1.4454,3.2866,1,0.4398,0.2329,0.3333,1.482,0.4398
2.8691,2.7084,2,0.5297,0.1485,0.3924,2.934,0.5297
1.3501,3.1804,2,0.2123,0.011,0.0147,1.358,0.2123
3.3945,3.6254,4,0.2341,0.001,0.0031,3.264,0.2341
1.3701,4.8559,2,0.1411,0.0035,0.0,1.294,0.1411
1.6524,2.7743,2,0.2978,0.029,0.0449,1.648,0.2978
3.832,4.5534,5,0.1683,0.0002,0.0016,3.74,0.1683
3.1218,4.1408,1,0.7539,0.6499,2.0143,3.052,0.7539
3.0641,3.554,5,0.1724,0.0002,0.0,3.13,0.1724
3.4315,3.2886,2,0.5217,0.1237,0.4411,3.6,0.5217
3.9954,3.536,1,1.1299,27.5904,113.2754,3.492,0.9999
1.4827,3.1231,1,0.4748,0.4275,0.6196,1.53,0.4748
3.2023,1.503,3,0.7102,0.3707,1.222,3.284,0.7102
1.4029,4.2831,5,0.0655,0.0,0.0,1.448,0.0655
3.0634,1.8323,4,0.418,0.0267,0.0749,3.124,0.418
2.7317,4.4824,4,0.1524,0.0,0.0,2.762,0.1524
2.1699,3.0259,1,0.7171,0.6671,1.3741,2.058,0.7171
1.0157,1.7122,5,0.1186,0.0,0.0,1.084,0.1186
2.932,4.9456,4,0.1482,0.0004,0.0007,3.006,0.1482
2.6736,2.4682,5,0.2166,0.0008,0.0037,2.704,0.2166
1.5439,4.0581,5,0.0761,0.0,0.0,1.596,0.0761
2.5989,1.805,1,1.4398,79.3736,203.9665,1.81,0.9999
2.5053,4.8723,4,0.1285,0.0,0.0,2.518,0.1285
3.234,1.4978,4,0.5398,0.0591,0.1895,3.204,0.5398
0.6354,4.9942,1,0.1272,0.0313,0.018,0.666,0.1272
2.8062,4.0007,4,0.1754,0.0003,0.0,2.802,0.1754
1.8911,1.4299,5,0.2645,0.005,0.0061,1.976,0.2645
1.1595,2.0505,3,0.1885,0.0045,0.0031,1.308,0.1885
3.3729,4.3155,2,0.3908,0.05,0.1808,3.408,0.3908
3.0105,1.4987,5,0.4017,0.0075,0.0269,3.044,0.4017
0.6059,1.6546,1,0.3662,0.3904,0.3119,0.65,0.3662
3.2694,4.3897,5,0.149,0.0001,0.0,3.362,0.149
3.6659,1.6757,3,0.7292,0.3692,1.3473,3.73,0.7292
1.2312,3.6688,4,0.0839,0.0,0.0,1.24,0.0839
2.4641,4.9102,2,0.2509,0.0119,0.0268,2.46,0.2509
2.4754,2.1724,2,0.5697,0.1555,0.3917,2.408,0.5697
2.299,3.5604,5,0.1291,0.0,0.0,2.282,0.1291
0.6412,4.0101,1,0.1599,0.0455,0.0125,0.638,0.1599
3.6977,2.0423,2,0.9053,0.9115,3.239,3.574,0.9053
1.2064,2.8745,3,0.1399,0.0004,0.0,1.196,0.1399
2.3623,2.5468,4,0.2319,0.0011,0.0017,2.294,0.2319
3.5589,2.9644,1,1.2005,48.1568,168.0267,2.904,0.9999
1.615,4.9155,5,0.0657,0.0,0.0,1.58,0.0657
0.6316,1.375,5,0.0919,0.0,0.0,0.69,0.0919
3.0241,2.9963,3,0.3364,0.0181,0.0603,2.984,0.3364
3.8828,3.8647,4,0.2512,0.0015,0.0036,3.904,0.2512
2.1723,2.2949,1,0.9466,5.6033,13.1854,2.16,0.9466
2.9983,2.8585,1,1.0489,15.5733,45.9148,2.74,0.9999
1.1004,4.971,2,0.1107,0.001,0.0,1.12,0.1107
2.4942,3.2151,4,0.1939,0.0012,0.0033,2.406,0.1939
2.603,4.7916,3,0.1811,0.002,0.0107,2.626,0.1811
2.8725,4.8074,5,0.1195,0.0,0.0,2.784,0.1195
1.6341,2.7708,2,0.2949,0.0397,0.0624,1.6,0.2949
2.9059,4.8781,4,0.1489,0.0,0.0,2.956,0.1489
1.3064,1.5078,1,0.8664,3.7999,5.0134,1.318,0.8664
3.2289,2.3514,2,0.6866,0.329,1.0375,3.09,0.6866
3.9753,2.3888,4,0.416,0.0159,0.0552,3.986,0.416
1.1471,1.0919,4,0.2626,0.0036,0.0034,1.16,0.2626
0.5902,2.0138,3,0.0977,0.0,0.0,0.596,0.0977
3.32,4.6228,1,0.7182,0.6276,2.2187,3.524,0.7182
1.9144,2.9855,3,0.2137,0.0071,0.0171,1.988,0.2137
3.3016,2.2821,5,0.2893,0.0013,0.0018,3.28,0.2893
2.1753,4.0666,1,0.5349,0.2779,0.5609,2.11,0.5349
1.1746,1.5608,5,0.1505,0.0,0.0,1.164,0.1505
3.9187,4.2051,3,0.3106,0.0065,0.0264,4.008,0.3106
1.2177,4.0996,2,0.1485,0.0044,0.0048,1.254,0.1485
2.8619,2.7361,3,0.3487,0.015,0.0294,2.786,0.3487
2.0392,2.788,5,0.1463,0.0,0.0,2.052,0.1463
3.8074,4.7446,1,0.8025,1.3044,5.2234,3.9,0.8025
3.3211,3.6014,1,0.9222,1.7546,5.5798,3.284,0.9222
1.3732,3.9438,2,0.1741,0.0054,0.0081,1.476,0.1741
3.0709,1.8185,3,0.5629,0.0984,0.2834,3.018,0.5629
1.1549,1.2093,2,0.4775,0.2125,0.214,1.056,0.4775
3.4876,2.6784,2,0.6511,0.2947,1.0143,3.496,0.6511
3.8852,4.6207,5,0.1682,0.0001,0.0011,3.79,0.1682
2.693,3.2776,1,0.8216,0.9354,2.5053,2.642,0.8216
2.2024,2.5017,5,0.1761,0.0014,0.0071,2.258,0.1761
3.254,1.0318,2,1.5769,89.7349,296.7816,2.032,0.9999
2.6738,2.1578,3,0.413,0.0435,0.1064,2.78,0.413
2.3464,4.0462,2,0.29,0.0186,0.0339,2.422,0.29
2.8091,3.0081,4,0.2335,0.0011,0.0029,2.752,0.2335
1.8616,1.157,3,0.5363,0.1901,0.3442,1.784,0.5363
3.908,1.011,4,0.9664,4.6765,18.0941,3.988,0.9664
1.3233,2.7184,5,0.0974,0.0,0.0,1.312,0.0974
0.9702,3.746,5,0.0518,0.0,0.0,0.964,0.0518
1.125,4.1168,2,0.1366,0.0026,0.0039,1.018,0.1366
3.696,4.4431,3,0.2773,0.0073,0.0321,3.612,0.2773
3.0916,4.2811,1,0.7222,0.5532,1.7394,3.14,0.7222
1.2404,2.4438,5,0.1015,0.0,0.0,1.186,0.1015
1.5658,2.0466,5,0.153,0.0001,0.0,1.51,0.153
2.5662,3.7768,4,0.1699,0.0001,0.0,2.682,0.1699
2.6583,2.8286,3,0.3133,0.0107,0.0281,2.698,0.3133
2.6044,1.6635,5,0.3131,0.0054,0.0108,2.588,0.3131
0.5819,2.8975,2,0.1004,0.0032,0.0,0.584,0.1004
1.4305,1.1755,5,0.2434,0.0,0.0,1.342,0.2434
1.9818,3.8028,1,0.5211,0.3148,0.573,2.028,0.5211
0.7734,4.6142,5,0.0335,0.0,0.0,0.7,0.0335
1.3031,4.8447,5,0.0538,0.0,0.0,1.29,0.0538
3.7332,4.2268,4,0.2208,0.001,0.0037,3.738,0.2208
1.2329,3.7946,4,0.0812,0.0,0.0,1.216,0.0812
3.8382,4.8189,4,0.1991,0.0008,0.0015,3.892,0.1991
2.6135,1.9589,4,0.3335,0.0131,0.0315,2.724,0.3335
3.5656,1.834,3,0.6481,0.2152,0.7443,3.584,0.6481
3.8595,4.3455,3,0.2961,0.0055,0.0231,3.812,0.2961
2.0328,3.49,3,0.1942,0.0014,0.002,1.99,0.1942
3.2811,4.3673,4,0.1878,0.0004,0.0,3.276,0.1878
2.9378,2.9035,2,0.5059,0.1343,0.4075,2.988,0.5059
2.2283,4.9833,4,0.1118,0.0001,0.0,2.102,0.1118
1.9536,4.0768,3,0.1597,0.0023,0.0049,2.022,0.1597
3.7065,1.9176,4,0.4832,0.0412,0.1457,3.744,0.4832
2.8322,4.2719,4,0.1657,0.0003,0.0,2.784,0.1657
3.4223,3.7412,4,0.2287,0.0008,0.0018,3.266,0.2287
3.6654,4.229,3,0.2889,0.0093,0.035,3.658,0.2889
0.9755,2.2191,1,0.4396,0.3745,0.3728,1.014,0.4396
3.6933,2.6568,4,0.3475,0.006,0.0243,3.7,0.3475
0.6304,2.7251,5,0.0463,0.0,0.0,0.634,0.0463
3.5252,3.0779,5,0.2291,0.0004,0.0006,3.476,0.2291
3.7479,4.5999,2,0.4074,0.0377,0.1366,3.674,0.4074
1.0544,3.8434,1,0.2743,0.1007,0.1197,0.986,0.2743
1.2733,4.9653,1,0.2564,0.0734,0.0852,1.22,0.2564
3.0616,4.9241,5,0.1244,0.0,0.0,3.056,0.1244
3.6881,4.3184,5,0.1708,0.0001,0.0005,3.698,0.1708
3.5885,2.3967,1,1.4973,74.1928,270.2351,2.346,0.9999
3.9162,4.9047,4,0.1996,0.0002,0.0,3.91,0.1996
3.4945,3.7795,2,0.4623,0.0744,0.2615,3.358,0.4623
2.3796,2.7924,4,0.213,0.0015,0.0025,2.432,0.213
3.4368,3.2433,3,0.3532,0.0102,0.0282,3.334,0.3532
2.238,4.8479,4,0.1154,0.0003,0.0,2.212,0.1154
0.6956,1.5534,1,0.4478,0.5838,0.4042,0.668,0.4478
1.427,4.5354,2,0.1573,0.0047,0.0073,1.364,0.1573
2.3873,3.0973,4,0.1927,0.0005,0.0,2.332,0.1927
1.2835,1.7464,2,0.3675,0.0792,0.1212,1.252,0.3675
3.7188,1.1411,4,0.8147,0.693,2.5036,3.592,0.8147
3.9385,2.3583,2,0.835,1.1062,4.4034,4.026,0.835
3.3874,1.0968,4,0.7721,0.6515,2.2358,3.454,0.7721
3.7107,4.8325,1,0.7679,0.768,2.8864,3.662,0.7679
2.5689,4.4751,4,0.1435,0.0,0.0,2.668,0.1435
3.5266,2.209,2,0.7982,0.8153,2.8143,3.474,0.7982
3.8456,2.5455,1,1.5107,83.2081,327.7163,2.59,0.9999
3.3272,4.4365,2,0.375,0.0311,0.0923,3.184,0.375
0.5886,4.7159,1,0.1248,0.0318,0.0272,0.588,0.1248
1.9965,2.3995,4,0.208,0.0003,0.0,2.026,0.208
3.8996,4.537,1,0.8595,0.9467,3.6361,3.898,0.8595
1.4513,1.2825,5,0.2263,0.0003,0.0,1.448,0.2263
0.5027,2.045,4,0.0615,0.0,0.0,0.49,0.0615
1.2293,4.5306,1,0.2713,0.0662,0.0654,1.224,0.2713
1.5055,1.7418,2,0.4322,0.1464,0.1986,1.48,0.4322
3.6233,3.4196,2,0.5298,0.1369,0.4808,3.68,0.5298
2.0151,4.799,5,0.084,0.0,0.0,2.042,0.084
3.3511,1.44,5,0.4654,0.0267,0.0984,3.412,0.4654
0.5695,1.9561,5,0.0582,0.0,0.0,0.626,0.0582
1.142,3.5958,1,0.3176,0.1148,0.1298,1.14,0.3176
3.3502,3.4317,1,0.9763,9.777,34.4456,3.418,0.9763
0.963,3.872,2,0.1244,0.0015,0.0,0.97,0.1244
2.498,1.1978,1,2.0855,128.6936,344.5004,1.15,0.9999
3.9485,1.7924,1,2.2029,139.942,575.7485,1.702,0.9999
1.6628,1.6047,3,0.3454,0.0153,0.0188,1.592,0.3454
1.4385,3.8737,4,0.0928,0.0,0.0,1.424,0.0928
3.0725,1.2136,3,0.8439,1.5077,4.7385,3.12,0.8439
3.6474,2.7127,4,0.3361,0.0093,0.0402,3.734,0.3361
1.3508,2.0451,2,0.3303,0.0444,0.049,1.306,0.3303
1.3352,4.5563,4,0.0733,0.0,0.0,1.336,0.0733
3.6027,2.1915,5,0.3288,0.0048,0.0106,3.574,0.3288
2.5976,1.2524,3,0.6914,0.4675,1.2166,2.53,0.6914
1.9347,2.6417,4,0.1831,0.0,0.0,1.89,0.1831
3.0123,2.5922,5,0.2324,0.0004,0.0013,3.132,0.2324
2.7966,2.2366,3,0.4168,0.0577,0.1776,2.858,0.4168
3.5363,3.2154,1,1.0998,14.3413,50.8698,3.244,0.9999
0.9952,1.7234,3,0.1925,0.0058,0.0041,0.986,0.1925
1.7125,3.0899,4,0.1386,0.0,0.0,1.734,0.1386
3.6023,4.5419,3,0.2644,0.0057,0.0174,3.68,0.2644
2.9691,4.0449,5,0.1468,0.0,0.0,2.912,0.1468
1.6323,3.4983,1,0.4666,0.2723,0.4944,1.61,0.4666
1.2126,3.6752,4,0.0825,0.0006,0.0,1.338,0.0825
2.8995,1.7427,5,0.3328,0.0083,0.0218,3.022,0.3328
1.3137,3.7245,1,0.3527,0.1626,0.2423,1.362,0.3527
2.0881,4.3167,2,0.2419,0.0091,0.0081,1.978,0.2419
2.9615,3.386,3,0.2915,0.0103,0.036,2.998,0.2915
1.5335,3.1133,3,0.1642,0.0008,0.0013,1.516,0.1642
1.858,4.883,1,0.3805,0.1162,0.2304,1.788,0.3805
2.5008,3.3535,5,0.1491,0.0,0.0,2.628,0.1491
0.909,4.2472,4,0.0535,0.0,0.0,0.928,0.0535
2.1326,2.924,4,0.1823,0.0006,0.0009,2.14,0.1823
1.0958,1.0963,2,0.4998,0.3728,0.3948,1.084,0.4998
0.7425,2.9734,4,0.0624,0.0,0.0,0.802,0.0624
2.8633,3.8351,4,0.1867,0.002,0.0061,2.962,0.1867
2.6336,3.7789,3,0.2323,0.0058,0.0242,2.644,0.2323
2.7782,2.6293,2,0.5283,0.1805,0.5588,2.734,0.5283
2.0409,4.6878,4,0.1088,0.0001,0.0,2.012,0.1088
2.8382,1.4785,5,0.3839,0.0159,0.0497,2.812,0.3839
3.0366,2.8138,2,0.5396,0.1466,0.4659,2.902,0.5396
2.7528,2.7119,1,1.0151,23.7447,63.8645,2.702,0.9999
3.4102,4.6556,4,0.1831,0.0002,0.0,3.408,0.1831
2.9754,1.8271,2,0.8142,1.1055,3.4132,2.974,0.8142
3.5559,2.4436,4,0.3638,0.0149,0.0553,3.65,0.3638
3.4671,1.1937,4,0.7261,0.3969,1.4319,3.404,0.7261
3.807,4.6727,1,0.8147,0.9299,3.6004,3.794,0.8147
1.8745,3.8683,4,0.1211,0.0,0.0,1.848,0.1211
0.7218,2.5172,2,0.1434,0.0019,0.003,0.674,0.1434
2.994,3.3087,5,0.181,0.0,0.0,3.056,0.181
0.6688,2.973,4,0.0562,0.0,0.0,0.734,0.0562
2.4205,3.9155,1,0.6182,0.3914,0.9446,2.49,0.6182
1.7882,3.0208,2,0.296,0.0426,0.0703,1.82,0.296
3.032,4.7202,5,0.1285,0.0,0.0,2.99,0.1285
0.7111,4.1754,2,0.0852,0.0022,0.0028,0.71,0.0852
2.6789,1.438,1,1.8629,93.1036,264.6527,1.498,0.9999
3.7149,3.1961,1,1.1623,34.3336,126.7167,3.2,0.9999
1.2288,4.0643,3,0.1008,0.0001,0.0,1.224,0.1008
0.5175,1.4079,4,0.0919,0.0,0.0,0.538,0.0919
1.3494,2.4772,1,0.5447,0.4341,0.689,1.376,0.5447
1.541,3.2652,1,0.4719,0.2998,0.5051,1.56,0.4719
0.5297,2.9771,3,0.0593,0.0,0.0,0.484,0.0593
3.3408,1.2014,5,0.5562,0.0644,0.224,3.302,0.5562
1.4702,3.0217,1,0.4865,0.2431,0.3139,1.478,0.4865
1.978,1.1099,4,0.4455,0.0967,0.2324,2.124,0.4455
3.3067,2.179,4,0.3794,0.0226,0.0783,3.348,0.3794
2.9413,1.8188,3,0.5391,0.0971,0.2821,2.958,0.5391
3.2094,3.0935,4,0.2594,0.0035,0.0112,3.218,0.2594
3.7784,4.4788,2,0.4218,0.0496,0.1768,3.846,0.4218
1.619,4.3465,2,0.1862,0.0054,0.0064,1.558,0.1862
0.7389,2.9002,2,0.1274,0.0061,0.0,0.758,0.1274
3.6079,1.6439,3,0.7316,0.368,1.3442,3.506,0.7316
1.9408,1.3452,3,0.4809,0.0823,0.1501,1.946,0.4809
0.9544,2.6011,5,0.0734,0.0,0.0,0.964,0.0734
0.5223,2.4597,1,0.2123,0.1911,0.0803,0.548,0.2123
3.1624,4.9553,4,0.1595,0.0001,0.0,3.066,0.1595
3.5844,4.7155,4,0.19,0.0003,0.0011,3.652,0.19
3.5331,4.7402,2,0.3727,0.0328,0.104,3.442,0.3727
0.9028,1.719,5,0.105,0.0,0.0,0.846,0.105
2.6828,4.8718,2,0.2753,0.0186,0.0553,2.532,0.2753
0.5789,4.2354,3,0.0456,0.0,0.0,0.56,0.0456
3.8163,4.0707,3,0.3125,0.01,0.0354,3.838,0.3125
3.6752,4.9019,1,0.7498,0.5714,1.9842,3.542,0.7498
2.1756,4.0447,1,0.5379,0.3443,0.7984,2.242,0.5379
1.305,2.219,2,0.2941,0.0464,0.0591,1.354,0.2941
1.3027,3.2988,4,0.0987,0.0,0.0,1.254,0.0987
1.5167,1.9674,4,0.1927,0.0002,0.0,1.516,0.1927
0.8542,4.2434,2,0.1007,0.0038,0.0022,0.89,0.1007
3.7212,3.6258,4,0.2566,0.0017,0.0073,3.836,0.2566
1.0865,2.4,4,0.1132,0.0004,0.0,1.1,0.1132
2.674,3.1771,2,0.4208,0.072,0.1783,2.712,0.4208
2.0933,1.3761,1,1.5212,87.7772,193.5108,1.42,0.9999
2.225,1.6731,2,0.6649,0.4284,0.8111,2.094,0.6649
3.1327,4.3665,3,0.2391,0.004,0.0081,3.198,0.2391
2.315,3.1614,3,0.2441,0.0026,0.0008,2.362,0.2441
1.4011,4.7583,3,0.0982,0.0002,0.0,1.364,0.0982
0.7488,3.8216,1,0.1959,0.0566,0.0508,0.748,0.1959
0.7146,4.1325,2,0.0865,0.002,0.0,0.762,0.0865
1.1605,2.2934,1,0.506,0.3803,0.4593,1.104,0.506
1.2416,3.028,5,0.082,0.0,0.0,1.194,0.082
3.9271,3.2019,5,0.2453,0.0011,0.0089,3.806,0.2453
2.3845,4.4364,3,0.1792,0.0016,0.0034,2.358,0.1792
1.5164,4.7841,1,0.317,0.0565,0.0737,1.492,0.317
3.8446,2.9881,3,0.4289,0.0261,0.1023,3.948,0.4289
3.4149,1.8983,3,0.5996,0.1493,0.4774,3.358,0.5996
1.0514,3.2391,4,0.0811,0.0002,0.0,1.114,0.0811
2.3633,1.0938,1,2.1606,118.8153,283.3937,1.166,0.9999
1.5703,4.9676,5,0.0632,0.0,0.0,1.586,0.0632
2.7667,3.2269,5,0.1715,0.0007,0.003,2.626,0.1715
0.6032,2.4305,3,0.0827,0.0,0.0,0.59,0.0827
2.3012,3.4531,3,0.2221,0.0048,0.0081,2.21,0.2221
3.2008,4.2189,3,0.2529,0.0044,0.0147,3.268,0.2529
2.6394,4.4045,5,0.1199,0.0,0.0,2.582,0.1199
3.2583,1.5738,3,0.6901,0.4042,1.3668,3.294,0.6901
3.059,1.2945,3,0.7877,0.7449,2.2243,3.052,0.7877
3.1065,4.0315,5,0.1541,0.0001,0.0006,3.18,0.1541
0.9014,1.8354,2,0.2456,0.0292,0.0227,0.876,0.2456
3.8899,1.6687,5,0.4662,0.025,0.0924,3.916,0.4662
0.5095,2.048,5,0.0498,0.0,0.0,0.51,0.0498
1.026,4.5148,1,0.2273,0.0504,0.0374,1.07,0.2273
3.6867,3.2093,5,0.2298,0.0007,0.0032,3.718,0.2298
1.0514,2.0526,3,0.1707,0.0011,0.0,1.024,0.1707
3.9017,3.3994,4,0.2869,0.0042,0.014,3.864,0.2869
3.2604,2.3554,5,0.2768,0.0019,0.0048,3.326,0.2768
3.8974,2.8789,4,0.3384,0.0061,0.0218,3.952,0.3384
1.7841,2.964,2,0.301,0.0357,0.0696,1.84,0.301
2.8344,2.5104,1,1.1291,21.6813,61.8197,2.538,0.9999
1.6195,2.6909,4,0.1505,0.0011,0.0025,1.594,0.1505
3.7514,1.7646,2,1.063,21.8057,83.4509,3.492,0.9999
0.6804,3.1854,5,0.0427,0.0,0.0,0.67,0.0427
1.6645,3.6854,2,0.2258,0.011,0.0164,1.708,0.2258
3.7776,2.5141,5,0.3005,0.0025,0.0099,3.836,0.3005
1.9204,1.5826,5,0.2427,0.0005,0.0,1.956,0.2427
2.8713,4.2244,2,0.3398,0.0293,0.0793,2.9,0.3398
1.1656,4.3805,5,0.0532,0.0,0.0,1.212,0.0532
2.2151,4.416,5,0.1003,0.0,0.0,2.154,0.1003
1.4852,4.8559,3,0.102,0.0,0.0,1.524,0.102
1.0171,4.72,3,0.0718,0.0,0.0,1.014,0.0718
3.497,4.7265,4,0.185,0.0005,0.0012,3.46,0.185
1.9788,1.8714,5,0.2115,0.0013,0.002,1.974,0.2115
3.9783,4.7024,3,0.282,0.0062,0.0261,3.982,0.282
1.7884,2.9826,3,0.1999,0.0036,0.0053,1.89,0.1999
0.7917,4.8644,1,0.1628,0.0387,0.0386,0.778,0.1628
1.7105,1.6323,4,0.262,0.0029,0.0047,1.688,0.262
0.868,2.6342,4,0.0824,0.0,0.0,0.88,0.0824
1.9775,3.388,3,0.1946,0.0051,0.0107,2.05,0.1946
1.7521,4.6234,5,0.0758,0.0,0.0,1.682,0.0758
2.9442,3.3168,3,0.2959,0.0106,0.0283,2.966,0.2959
2.0441,2.7719,5,0.1475,0.0,0.0,1.986,0.1475
1.4846,1.9457,2,0.3815,0.1036,0.1716,1.492,0.3815
1.3462,1.111,5,0.2423,0.0,0.0,1.384,0.2423
1.5713,2.2008,4,0.1785,0.0006,0.0012,1.63,0.1785
2.5194,1.3687,5,0.3681,0.0137,0.0376,2.552,0.3681
2.3904,1.651,1,1.4478,69.4672,164.4476,1.696,0.9999
0.6829,3.4492,1,0.198,0.0468,0.0229,0.612,0.198
2.5744,4.2698,2,0.3015,0.0171,0.0357,2.634,0.3015
2.963,1.086,5,0.5457,0.0755,0.2381,3.014,0.5457
1.8249,1.0707,3,0.5681,0.1502,0.2475,1.79,0.5681
0.5139,1.2172,4,0.1055,0.0011,0.0,0.518,0.1055
0.7596,4.3897,2,0.0865,0.0017,0.0026,0.756,0.0865
1.8033,4.4106,3,0.1363,0.0012,0.0023,1.714,0.1363
0.5475,3.1348,3,0.0582,0.0,0.0,0.53,0.0582
2.0716,4.9691,5,0.0834,0.0,0.0,1.984,0.0834
3.8918,1.4177,4,0.6863,0.1898,0.8073,3.996,0.6863
1.5987,4.5903,1,0.3483,0.0957,0.1603,1.664,0.3483
1.1108,2.056,4,0.1351,0.0032,0.005,1.192,0.1351
2.3004,1.5247,2,0.7544,1.1417,2.7625,2.28,0.7544
3.3108,4.2875,1,0.7722,0.8067,2.7131,3.246,0.7722
1.7638,3.2706,5,0.1079,0.0,0.0,1.81,0.1079
2.6502,1.5422,1,1.7185,99.0451,255.0674,1.436,0.9999
0.5382,1.1708,5,0.0919,0.0,0.0,0.508,0.0919
2.7905,2.0888,2,0.668,0.3311,0.9652,2.848,0.668
1.3896,3.1634,3,0.1464,0.0013,0.004,1.518,0.1464
3.2674,3.0943,5,0.2112,0.0007,0.0025,3.2,0.2112
1.535,2.5175,1,0.6097,0.4553,0.6378,1.384,0.6097
2.3451,1.3075,5,0.3587,0.0087,0.0185,2.266,0.3587
3.7114,4.7939,5,0.1548,0.0001,0.0,3.656,0.1548
2.4488,2.4039,5,0.2037,0.0003,0.0,2.5,0.2037
2.1024,4.6711,4,0.1125,0.0,0.0,2.152,0.1125
2.5212,2.3192,3,0.3624,0.0317,0.0941,2.486,0.3624
1.9473,1.8564,3,0.3497,0.0232,0.043,1.906,0.3497
1.5077,2.5088,5,0.1202,0.0,0.0,1.56,0.1202
1.9525,1.627,3,0.4,0.0509,0.1002,1.954,0.4
1.8677,3.1972,2,0.2921,0.0279,0.056,1.884,0.2921
3.0293,1.278,2,1.1852,60.5912,184.8519,2.476,0.9999
3.3833,4.6183,2,0.3663,0.0375,0.1353,3.438,0.3663
3.7933,1.1909,4,0.7963,0.6882,2.6387,3.806,0.7963
3.2654,2.8581,2,0.5713,0.1658,0.5138,3.318,0.5713
0.6338,3.3023,3,0.064,0.0,0.0,0.63,0.064
3.3543,1.7061,3,0.6554,0.2619,0.8511,3.388,0.6554
0.9254,1.2049,1,0.768,1.7208,1.4317,0.904,0.768
3.1282,2.9697,3,0.3511,0.019,0.0665,3.158,0.3511
1.801,1.7518,3,0.3427,0.0498,0.1082,1.81,0.3427
1.0164,3.1332,4,0.0811,0.0,0.0,1.074,0.0811
0.8143,2.2144,3,0.1226,0.0,0.0,0.808,0.1226
2.3406,1.8088,3,0.4313,0.0611,0.1461,2.41,0.4313
0.7762,4.949,2,0.0784,0.0007,0.0,0.862,0.0784
1.0342,1.666,1,0.6208,0.9065,0.8907,1.006,0.6208
3.8293,2.5909,5,0.2956,0.002,0.009,3.798,0.2956
2.023,3.4955,2,0.2894,0.0255,0.041,2.0,0.2894
3.7734,1.4916,4,0.6324,0.1267,0.4939,3.748,0.6324
2.0753,3.8174,4,0.1359,0.0,0.0,2.036,0.1359
3.5103,2.4001,4,0.3656,0.0039,0.0069,3.466,0.3656
3.3583,3.031,2,0.554,0.1507,0.5109,3.292,0.554
2.5348,1.9163,1,1.3228,53.0854,128.9894,1.968,0.9999
2.6439,4.9916,1,0.5297,0.1857,0.4842,2.598,0.5297
3.4381,2.6168,2,0.6569,0.3668,1.3142,3.418,0.6569
3.074,3.163,3,0.324,0.0123,0.041,3.07,0.324
2.2331,2.3111,2,0.4831,0.1306,0.3182,2.2,0.4831
0.5093,3.8623,1,0.1319,0.0174,0.0042,0.48,0.1319
3.8551,4.8771,2,0.3952,0.0384,0.1503,3.894,0.3952
3.0366,4.6503,3,0.2177,0.004,0.0085,3.042,0.2177
0.5151,3.0884,1,0.1668,0.0716,0.0309,0.518,0.1668
1.0659,4.9498,1,0.2153,0.0567,0.0417,1.054,0.2153
1.2755,4.88,3,0.0871,0.0,0.0,1.27,0.0871
1.8579,2.868,4,0.162,0.0001,0.0,1.83,0.162
1.1933,2.6369,3,0.1508,0.0069,0.0176,1.25,0.1508
0.7406,2.7448,2,0.1349,0.0114,0.008,0.754,0.1349
0.5076,1.276,1,0.3978,0.2885,0.1755,0.49,0.3978
2.9101,2.6373,5,0.2207,0.0002,0.0,2.81,0.2207
2.2519,1.2855,2,0.8759,2.1157,4.7858,2.25,0.8759
3.049,1.4289,3,0.7113,0.3656,1.1475,3.106,0.7113
2.2657,4.5569,2,0.2486,0.0212,0.0539,2.372,0.2486
2.6658,1.0209,5,0.5222,0.0367,0.0894,2.616,0.5222
2.5987,4.2696,3,0.2029,0.0034,0.0086,2.556,0.2029
1.412,4.857,4,0.0727,0.0001,0.0,1.402,0.0727
3.6394,2.8753,5,0.2531,0.0009,0.0032,3.726,0.2531
1.6433,2.985,2,0.2753,0.0221,0.0299,1.67,0.2753
0.6125,1.1346,3,0.1799,0.0085,0.0032,0.622,0.1799
1.928,4.3332,5,0.089,0.0,0.0,1.982,0.089
2.0186,2.4745,1,0.8158,1.8195,3.5795,2.026,0.8158
3.236,3.8011,5,0.1703,0.0,0.0,3.126,0.1703
1.4207,4.8183,2,0.1474,0.0038,0.0086,1.402,0.1474
3.4801,1.0877,2,1.5998,94.018,310.6849,2.094,0.9999
2.7817,1.0431,1,2.6668,156.8597,425.5632,1.076,0.9999
1.126,2.1348,2,0.2637,0.0353,0.0499,1.162,0.2637
1.7763,2.3753,3,0.2493,0.0078,0.0159,1.888,0.2493
3.7315,2.5389,2,0.7349,0.8074,3.1852,3.832,0.7349
0.6145,4.6509,3,0.044,0.0,0.0,0.594,0.044
2.7579,3.2051,4,0.2151,0.0007,0.0014,2.796,0.2151
0.6325,1.4076,4,0.1123,0.0004,0.0,0.634,0.1123
1.2366,4.2247,1,0.2927,0.1231,0.1368,1.184,0.2927
2.3481,2.1833,3,0.3585,0.0178,0.0389,2.312,0.3585
1.3434,4.5459,5,0.0591,0.0,0.0,1.48,0.0591
2.3293,2.864,3,0.2711,0.0067,0.0111,2.338,0.2711
0.6312,3.0717,1,0.2055,0.1032,0.0656,0.64,0.2055
2.4808,4.0843,2,0.3037,0.028,0.072,2.554,0.3037
1.4107,3.9355,5,0.0717,0.0,0.0,1.348,0.0717
2.984,1.3954,2,1.0692,13.7775,39.597,2.762,0.9999
1.7256,3.1247,4,0.1381,0.0001,0.0,1.762,0.1381
2.7992,1.8456,5,0.3033,0.0019,0.0034,2.9,0.3033
0.6722,2.8839,5,0.0466,0.0,0.0,0.702,0.0466
1.0438,2.2516,4,0.1159,0.0,0.0,1.102,0.1159
2.58,3.4729,3,0.2476,0.0065,0.0108,2.41,0.2476
3.0489,2.7907,4,0.2731,0.0024,0.0053,3.018,0.2731
0.5201,2.3668,2,0.1099,0.0,0.0,0.508,0.1099
2.4944,1.451,4,0.4298,0.0307,0.0741,2.592,0.4298
1.0996,4.8975,3,0.0748,0.0004,0.0018,1.126,0.0748
1.1695,2.9403,2,0.1989,0.017,0.0215,1.116,0.1989
3.9134,1.0005,5,0.7823,0.4089,1.6032,3.916,0.7823
0.7288,3.0761,5,0.0474,0.0,0.0,0.802,0.0474
1.154,1.7448,2,0.3307,0.0597,0.0407,1.032,0.3307
1.2069,2.882,5,0.0838,0.0,0.0,1.176,0.0838
3.9847,3.9989,1,0.9964,12.4965,48.9355,3.886,0.9964
3.9143,4.6627,1,0.8395,0.7452,2.7957,3.956,0.8395
2.8668,1.6251,4,0.441,0.0217,0.0535,2.766,0.441
1.7317,3.4644,4,0.125,0.0001,0.0,1.806,0.125
0.8492,4.4813,2,0.0947,0.0026,0.0049,0.818,0.0947
2.6463,4.7145,2,0.2807,0.0223,0.0528,2.724,0.2807
3.3592,3.4366,1,0.9775,2.0897,6.7692,3.26,0.9775
2.2527,1.6376,1,1.3756,81.2701,184.5843,1.556,0.9999
3.0593,3.12,4,0.2451,0.0017,0.0059,3.05,0.2451
3.2422,4.3773,1,0.7407,0.7405,2.4334,3.242,0.7407
3.2323,3.8127,5,0.1696,0.0,0.0,3.358,0.1696
3.8498,1.0476,5,0.735,0.2792,1.1052,3.954,0.735
3.4921,2.7958,1,1.2491,55.1576,186.0754,2.744,0.9999
0.6414,3.608,4,0.0444,0.0,0.0,0.612,0.0444
2.9625,2.9958,5,0.1978,0.0003,0.0,2.948,0.1978
2.032,1.2182,5,0.3336,0.0049,0.006,1.984,0.3336
2.4977,1.4793,5,0.3377,0.0047,0.0138,2.464,0.3377
3.1807,3.6464,1,0.8723,1.8252,5.7148,3.254,0.8723
0.8942,2.2045,2,0.2028,0.0179,0.0108,0.928,0.2028
0.8045,2.7441,4,0.0733,0.0,0.0,0.798,0.0733
3.7742,1.7217,2,1.0961,9.6438,35.7312,3.614,0.9999
2.4917,4.6374,3,0.1791,0.0022,0.0041,2.444,0.1791
1.1352,3.9014,1,0.291,0.1307,0.1747,1.12,0.291
3.9792,1.2776,5,0.6229,0.0736,0.2882,4.04,0.6229
0.6055,3.5876,3,0.0563,0.0,0.0,0.588,0.0563
1.6419,4.0218,2,0.2041,0.0182,0.0305,1.64,0.2041
0.722,2.4219,5,0.0596,0.0,0.0,0.676,0.0596
1.0845,3.6218,5,0.0599,0.0,0.0,1.056,0.0599
1.6718,4.3527,1,0.3841,0.1088,0.1439,1.58,0.3841
2.587,2.6848,2,0.4818,0.1313,0.3441,2.52,0.4818
2.2913,2.58,3,0.296,0.0099,0.0211,2.366,0.296
0.6802,3.2876,1,0.2069,0.095,0.0909,0.682,0.2069
1.8583,1.138,3,0.5443,0.1948,0.3795,1.964,0.5443
1.0592,1.3478,3,0.262,0.0206,0.0112,1.068,0.262
1.9339,3.7059,2,0.2609,0.0158,0.0325,1.908,0.2609
2.795,1.5012,3,0.6206,0.2794,0.8144,2.77,0.6206
2.3255,1.5647,3,0.4954,0.1038,0.3024,2.372,0.4954
2.5157,4.8196,2,0.261,0.016,0.0401,2.544,0.261
3.066,2.6807,3,0.3812,0.0313,0.0955,3.184,0.3812
2.4381,1.7573,3,0.4625,0.1191,0.3698,2.646,0.4625
3.1453,3.9623,3,0.2646,0.0035,0.0102,3.14,0.2646
0.9484,4.8144,2,0.0985,0.0003,0.0,0.884,0.0985
2.4002,3.2273,1,0.7437,0.8291,2.0461,2.386,0.7437
2.6087,4.2262,5,0.1235,0.0,0.0,2.508,0.1235
3.447,2.9083,2,0.5926,0.2528,0.9635,3.612,0.5926
2.9942,4.6609,3,0.2141,0.0025,0.0074,2.958,0.2141
2.237,3.8797,3,0.1922,0.0011,0.001,2.082,0.1922
2.6966,1.3351,5,0.404,0.0136,0.0386,2.742,0.404
1.6009,4.0202,5,0.0796,0.0,0.0,1.576,0.0796
1.2189,3.9036,5,0.0625,0.0,0.0,1.174,0.0625
1.3392,1.7146,4,0.1953,0.0005,0.0,1.34,0.1953
1.4602,1.8899,1,0.7726,1.1133,1.5732,1.476,0.7726
0.9689,2.7741,3,0.1164,0.0,0.0,1.05,0.1164
3.5891,1.1984,4,0.7487,0.4745,1.5892,3.548,0.7487
1.5861,1.9901,3,0.2657,0.0088,0.0102,1.558,0.2657
2.745,2.0213,5,0.2716,0.0017,0.0022,2.744,0.2716
0.6036,3.1202,5,0.0387,0.0,0.0,0.634,0.0387
2.3787,2.9304,1,0.8117,1.6219,4.0385,2.382,0.8117
1.3277,3.452,5,0.0769,0.0,0.0,1.394,0.0769
2.2956,1.0306,2,1.1137,43.8102,104.6148,2.056,0.9999
0.5294,1.6677,5,0.0635,0.0,0.0,0.496,0.0635
2.8377,2.9073,5,0.1952,0.0004,0.0,2.74,0.1952
2.4749,2.9925,2,0.4135,0.0862,0.2368,2.534,0.4135
2.4003,3.1345,1,0.7658,1.2957,3.0502,2.344,0.7658
2.2108,1.3538,1,1.633,102.663,226.1879,1.334,0.9999
1.9013,3.4445,3,0.184,0.0028,0.0042,1.886,0.184
1.44,4.5049,2,0.1598,0.006,0.0088,1.358,0.1598
2.9849,2.8632,4,0.2606,0.0032,0.0115,2.952,0.2606
1.5049,1.0965,3,0.4575,0.1001,0.1631,1.496,0.4575
2.4724,2.3828,5,0.2075,0.0017,0.0051,2.332,0.2075
1.5483,1.4049,3,0.3674,0.0346,0.0452,1.504,0.3674
2.6426,1.9674,2,0.6716,0.3941,1.029,2.686,0.6716
0.973,1.5543,2,0.313,0.0495,0.0409,0.978,0.313
2.5398,2.1024,4,0.302,0.0057,0.0151,2.644,0.302
2.7689,1.2087,4,0.5727,0.0928,0.1979,2.64,0.5727
1.4678,1.902,3,0.2572,0.0048,0.0029,1.394,0.2572
2.0115,4.2886,2,0.2345,0.0158,0.0277,2.02,0.2345
3.9566,1.3494,3,0.9774,5.5371,22.0488,3.93,0.9774
3.7949,3.7507,3,0.3373,0.0094,0.032,3.81,0.3373
2.9085,1.2837,1,2.2657,150.2527,440.0093,1.3,0.9999
2.1804,4.1398,4,0.1317,0.0,0.0,2.186,0.1317
2.1707,3.6122,3,0.2003,0.0024,0.005,2.012,0.2003
1.2341,4.9218,2,0.1254,0.0031,0.0031,1.29,0.1254
3.9018,3.2652,2,0.5975,0.1293,0.4793,3.858,0.5975
2.8381,4.1472,2,0.3422,0.0282,0.0759,2.898,0.3422
2.0065,1.9574,3,0.3417,0.0131,0.0209,2.006,0.3417
3.458,2.3564,3,0.4892,0.0698,0.2542,3.604,0.4892
3.4483,1.7717,5,0.3893,0.0071,0.0255,3.294,0.3893
0.8965,1.6101,3,0.1856,0.0052,0.0065,0.922,0.1856
0.848,3.5038,1,0.242,0.1031,0.0807,0.816,0.242
2.1564,4.4921,4,0.12,0.0002,0.0,2.136,0.12
3.5684,4.0897,3,0.2908,0.0081,0.0356,3.54,0.2908
3.3077,2.801,3,0.3936,0.0344,0.1187,3.388,0.3936
1.6937,3.0737,1,0.551,0.4659,0.8356,1.654,0.551
0.5809,2.728,5,0.0426,0.0,0.0,0.608,0.0426
1.3558,2.1212,5,0.1278,0.0,0.0,1.384,0.1278
3.9274,3.1244,5,0.2514,0.0002,0.0,3.91,0.2514
0.7391,2.207,2,0.1674,0.015,0.0053,0.754,0.1674
3.3024,2.0836,2,0.7925,0.7639,2.4586,3.238,0.7925
1.7431,4.4987,1,0.3875,0.0876,0.1304,1.7,0.3875
3.4585,3.2106,5,0.2154,0.0011,0.0083,3.598,0.2154
2.4694,1.1185,4,0.5519,0.142,0.3393,2.462,0.5519
3.3165,4.3842,2,0.3782,0.0407,0.1408,3.222,0.3782
3.4924,3.7431,4,0.2333,0.0014,0.0056,3.566,0.2333
1.8531,2.1949,5,0.1689,0.0,0.0,1.834,0.1689
2.1647,3.0812,5,0.1405,0.0,0.0,2.222,0.1405
0.635,4.607,5,0.0276,0.0,0.0,0.66,0.0276
1.353,1.3545,5,0.1998,0.0003,0.0,1.378,0.1998
1.8706,4.3863,1,0.4265,0.1544,0.2358,1.798,0.4265
3.1699,3.3189,4,0.2388,0.0021,0.0063,3.198,0.2388
1.3936,1.1329,3,0.41,0.0793,0.0839,1.45,0.41
3.04,4.3617,1,0.697,0.5373,1.5295,3.052,0.697
2.3424,1.4968,3,0.5216,0.1219,0.2943,2.39,0.5216
2.2154,2.3436,1,0.9453,3.9569,8.4047,2.216,0.9453
1.3541,1.3667,5,0.1982,0.0001,0.0,1.276,0.1982
2.7373,3.6247,3,0.2517,0.0061,0.0169,2.716,0.2517
3.0528,1.5787,2,0.9669,2.3557,7.3359,3.018,0.9669
2.2067,3.1243,1,0.7063,0.87,1.9419,2.234,0.7063
3.969,3.35,2,0.5924,0.181,0.7373,3.784,0.5924
2.1856,3.1105,4,0.1757,0.0005,0.0009,2.154,0.1757
1.0223,1.1039,3,0.3087,0.0518,0.0568,1.022,0.3087
1.8078,3.7166,4,0.1216,0.0,0.0,1.818,0.1216
2.0597,3.8491,4,0.1338,0.0,0.0,2.0,0.1338
3.9933,4.9714,4,0.2008,0.0006,0.001,4.03,0.2008
3.9812,4.4342,4,0.2245,0.0003,0.0,3.79,0.2245
3.3032,4.4915,3,0.2451,0.0037,0.0085,3.292,0.2451
2.5933,4.5074,2,0.2877,0.0175,0.0373,2.684,0.2877
1.6366,4.2054,4,0.0973,0.0,0.0,1.6,0.0973
0.6956,3.6853,5,0.0377,0.0,0.0,0.692,0.0377
3.5295,1.1685,2,1.5103,86.6313,302.2122,2.28,0.9999
1.0363,4.4133,3,0.0783,0.0,0.0,1.066,0.0783
2.2243,1.3638,2,0.8155,0.9655,2.0514,2.258,0.8155
2.7084,4.5457,1,0.5958,0.3742,0.9816,2.606,0.5958
2.3139,2.1293,4,0.2717,0.0051,0.0104,2.306,0.2717
1.4199,1.6398,1,0.8659,9.3163,14.1917,1.458,0.8659
3.0105,3.8523,4,0.1954,0.0013,0.0033,3.074,0.1954
2.5427,3.158,3,0.2684,0.0057,0.0149,2.548,0.2684
1.5632,2.0704,4,0.1888,0.0014,0.0,1.694,0.1888
2.3793,1.2531,4,0.4747,0.0463,0.1125,2.418,0.4747
2.4763,1.1122,3,0.7422,0.5299,1.2881,2.426,0.7422
2.4504,2.0343,1,1.2045,52.9375,127.4331,2.002,0.9999
1.461,1.1899,5,0.2456,0.0007,0.0014,1.436,0.2456
3.1527,2.8393,3,0.3701,0.0269,0.084,3.258,0.3701
3.6765,2.2933,2,0.8016,0.687,2.6458,3.718,0.8016
1.8002,1.789,2,0.5031,0.1726,0.3615,1.776,0.5031
2.2647,3.1691,4,0.1787,0.0007,0.0,2.392,0.1787
2.4591,1.5893,4,0.3868,0.0262,0.0676,2.454,0.3868
2.2158,3.9138,1,0.5662,0.2335,0.455,2.196,0.5662
2.4306,2.7306,2,0.4451,0.1078,0.2689,2.454,0.4451
3.9885,4.1104,5,0.1941,0.0,0.0,4.094,0.1941
3.8991,2.9486,5,0.2645,0.0006,0.0015,4.11,0.2645
1.522,1.2358,2,0.6158,0.73,1.1995,1.612,0.6158
2.4866,4.1627,4,0.1493,0.0002,0.0,2.666,0.1493
1.2002,3.3049,1,0.3632,0.1453,0.1597,1.252,0.3632
1.2258,4.8825,5,0.0502,0.0,0.0,1.224,0.0502
